created_at,entry_id,field1,field2,field3,field4,field5,field6
2024-01-01,06:00:00,77.611134,12.908791,3,1,0,4
2024-01-01,06:01:00,77.609043,12.988606,2,2,2,6
2024-01-01,06:02:00,77.644482,12.944181,2,2,2,8
2024-01-01,06:03:00,77.566528,12.951521,0,0,1,7
2024-01-01,06:04:00,77.612728,12.923842,3,3,2,11
2024-01-01,06:05:00,77.555681,12.966201,0,3,1,13
2024-01-01,06:06:00,77.641657,12.957512,1,3,2,15
2024-01-01,06:07:00,77.57396,12.909527,2,1,1,17
2024-01-01,06:08:00,77.591554,12.923559,3,0,2,18
2024-01-01,06:09:00,77.59742,12.979728,0,0,2,16
2024-01-01,06:10:00,77.614621,12.944021,3,2,1,20
2024-01-01,06:11:00,77.604,12.983062,2,2,0,24
2024-01-01,06:12:00,77.627048,12.926343,2,2,1,27
2024-01-01,06:13:00,77.647978,12.986429,1,1,1,28
2024-01-01,06:14:00,77.567346,12.975543,1,3,2,30
2024-01-01,06:15:00,77.610493,12.949039,1,0,0,31
2024-01-01,06:16:00,77.630618,12.925505,3,3,1,36
2024-01-01,06:17:00,77.6224,12.957796,1,3,0,40
2024-01-01,06:18:00,77.619686,12.919852,1,1,0,42
2024-01-01,06:19:00,77.560872,12.925225,3,2,1,46
2024-01-01,06:20:00,77.588292,12.979731,0,0,2,44
2024-01-01,06:21:00,77.63654,12.928503,0,2,1,45
2024-01-01,06:22:00,77.577472,12.979574,0,3,2,46
2024-01-01,06:23:00,77.619339,12.962922,2,3,1,50
2024-01-01,06:24:00,77.610278,12.969861,0,1,0,51
2024-01-01,06:25:00,77.563373,12.9288,0,1,2,50
2024-01-01,06:26:00,77.591625,12.915027,2,1,1,52
2024-01-01,06:27:00,77.628027,12.984999,1,3,0,56
2024-01-01,06:28:00,77.564083,12.940926,1,2,2,57
2024-01-01,06:29:00,77.623853,12.939417,2,2,0,61
2024-01-01,06:30:00,77.553841,12.939422,3,1,2,63
2024-01-01,06:31:00,77.621034,12.977323,0,0,0,63
2024-01-01,06:32:00,77.628523,12.980085,2,2,0,67
2024-01-01,06:33:00,77.617382,12.997905,3,1,2,69
2024-01-01,06:34:00,77.552625,12.986334,0,0,2,67
2024-01-01,06:35:00,77.643308,12.903981,3,2,0,72
2024-01-01,06:36:00,77.607327,12.946825,1,3,0,76
2024-01-01,06:37:00,77.591338,12.947945,2,2,0,80
2024-01-01,06:38:00,77.570672,12.969128,2,1,2,81
2024-01-01,06:39:00,77.634027,12.93823,0,3,1,83
2024-01-01,06:40:00,77.561271,12.996519,0,2,2,83
2024-01-01,06:41:00,77.598259,12.994604,3,3,1,88
2024-01-01,06:42:00,77.642718,12.987501,1,0,1,88
2024-01-01,06:43:00,77.572614,12.964928,3,1,1,91
2024-01-01,06:44:00,77.575234,12.946145,3,0,1,93
2024-01-01,06:45:00,77.595782,12.903477,2,3,2,96
2024-01-01,06:46:00,77.644455,12.976247,3,2,0,101
2024-01-01,06:47:00,77.621549,12.945116,3,3,2,105
2024-01-01,06:48:00,77.6058,12.96006,0,0,1,104
2024-01-01,06:49:00,77.558462,12.935257,2,1,0,107
2024-01-01,06:50:00,77.644184,12.967419,0,1,0,108
2024-01-01,06:51:00,77.601331,12.908175,2,0,1,109
2024-01-01,06:52:00,77.609596,12.948695,3,1,0,113
2024-01-01,06:53:00,77.55453,12.940242,1,3,0,117
2024-01-01,06:54:00,77.583491,12.981408,3,2,2,120
2024-01-01,06:55:00,77.605332,12.99673,0,1,1,120
2024-01-01,06:56:00,77.552775,12.958447,0,2,2,120
2024-01-01,06:57:00,77.557689,12.964828,0,2,1,121
2024-01-01,06:58:00,77.574878,12.919976,0,0,1,120
2024-01-01,06:59:00,77.625806,12.976626,3,3,1,125
2024-01-01,07:00:00,77.645194,12.963597,2,0,2,125
2024-01-01,07:01:00,77.580016,12.986925,0,2,2,125
2024-01-01,07:02:00,77.623896,12.96073,2,3,1,129
2024-01-01,07:03:00,77.639465,12.95042,3,3,0,135
2024-01-01,07:04:00,77.592584,12.981068,2,3,0,140
2024-01-01,07:05:00,77.637232,12.965666,1,1,1,141
2024-01-01,07:06:00,77.647438,12.979123,3,1,1,144
2024-01-01,07:07:00,77.592343,12.903311,0,2,0,146
2024-01-01,07:08:00,77.646589,12.930605,1,2,0,149
2024-01-01,07:09:00,77.57117,12.997183,3,1,1,152
2024-01-01,07:10:00,77.602167,12.90247,2,0,2,152
2024-01-01,07:11:00,77.627742,12.958289,3,2,0,157
2024-01-01,07:12:00,77.580436,12.996353,1,1,2,157
2024-01-01,07:13:00,77.62817,12.902573,0,1,1,157
2024-01-01,07:14:00,77.629494,12.936975,2,2,1,160
2024-01-01,07:15:00,77.614273,12.981113,2,1,2,161
2024-01-01,07:16:00,77.592725,12.966265,0,0,0,161
2024-01-01,07:17:00,77.645564,12.983607,0,3,0,164
2024-01-01,07:18:00,77.561968,12.902059,0,3,2,165
2024-01-01,07:19:00,77.585914,12.939834,2,1,1,167
2024-01-01,07:20:00,77.594833,12.936979,0,0,1,166
2024-01-01,07:21:00,77.646984,12.979228,2,1,1,168
2024-01-01,07:22:00,77.579734,12.991607,1,2,1,170
2024-01-01,07:23:00,77.610217,12.981492,1,3,2,172
2024-01-01,07:24:00,77.571916,12.912858,1,1,1,173
2024-01-01,07:25:00,77.589161,12.968465,0,1,0,174
2024-01-01,07:26:00,77.607586,12.92588,1,1,0,176
2024-01-01,07:27:00,77.568835,12.920326,1,2,0,179
2024-01-01,07:28:00,77.588569,12.985906,1,2,1,181
2024-01-01,07:29:00,77.60723,12.976637,2,2,2,183
2024-01-01,07:30:00,77.627103,12.967478,0,2,2,183
2024-01-01,07:31:00,77.589033,12.907172,1,3,1,186
2024-01-01,07:32:00,77.590377,12.986994,1,3,0,190
2024-01-01,07:33:00,77.573479,12.941652,2,1,1,192
2024-01-01,07:34:00,77.647658,12.950101,0,2,0,194
2024-01-01,07:35:00,77.604369,12.946257,1,1,1,195
2024-01-01,07:36:00,77.614735,12.932868,3,3,1,200
2024-01-01,07:37:00,77.639097,12.922298,2,0,1,201
2024-01-01,07:38:00,77.557363,12.998578,2,2,0,205
2024-01-01,07:39:00,77.620981,12.972796,1,3,2,207
2024-01-01,07:40:00,77.606179,12.956324,2,1,0,210
2024-01-01,07:41:00,77.552963,12.93796,0,0,2,208
2024-01-01,07:42:00,77.638629,12.947707,1,1,0,210
2024-01-01,07:43:00,77.585359,12.958271,3,2,0,215
2024-01-01,07:44:00,77.622941,12.969208,0,0,0,215
2024-01-01,07:45:00,77.624498,12.904045,3,3,1,220
2024-01-01,07:46:00,77.641,12.966063,2,0,0,222
2024-01-01,07:47:00,77.607887,12.903277,3,1,2,224
2024-01-01,07:48:00,77.563181,12.907554,2,1,2,225
2024-01-01,07:49:00,77.628746,12.980317,2,0,0,227
2024-01-01,07:50:00,77.572959,12.932709,3,0,2,228
2024-01-01,07:51:00,77.639321,12.981261,0,2,2,228
2024-01-01,07:52:00,77.633934,12.915232,2,1,2,229
2024-01-01,07:53:00,77.637663,12.951453,0,1,2,228
2024-01-01,07:54:00,77.551308,12.917571,3,0,2,229
2024-01-01,07:55:00,77.599243,12.959921,3,0,1,231
2024-01-01,07:56:00,77.551423,12.958497,0,0,2,229
2024-01-01,07:57:00,77.625115,12.983806,2,0,1,230
2024-01-01,07:58:00,77.631943,12.963162,0,0,2,228
2024-01-01,07:59:00,77.61592,12.962408,3,3,0,234
2024-01-01,08:00:00,77.619345,12.969491,2,0,2,234
2024-01-01,08:01:00,77.61226,12.931047,3,3,2,238
2024-01-01,08:02:00,77.555587,12.919548,3,1,0,242
2024-01-01,08:03:00,77.619782,12.981948,2,2,2,244
2024-01-01,08:04:00,77.634058,12.975288,3,1,1,247
2024-01-01,08:05:00,77.62592,12.925551,0,3,2,248
2024-01-01,08:06:00,77.550863,12.998418,0,2,1,249
2024-01-01,08:07:00,77.641378,12.989689,2,1,1,251
2024-01-01,08:08:00,77.600543,12.941428,2,2,1,254
2024-01-01,08:09:00,77.587695,12.958632,2,2,0,258
2024-01-01,08:10:00,77.620555,12.925734,0,3,2,259
2024-01-01,08:11:00,77.568049,12.904267,1,1,1,260
2024-01-01,08:12:00,77.635781,12.901582,2,0,1,261
2024-01-01,08:13:00,77.553784,12.998571,2,3,0,266
2024-01-01,08:14:00,77.571621,12.976233,2,2,0,270
2024-01-01,08:15:00,77.566174,12.921263,2,1,1,272
2024-01-01,08:16:00,77.559935,12.963974,1,0,1,272
2024-01-01,08:17:00,77.589522,12.945266,3,1,2,274
2024-01-01,08:18:00,77.572942,12.988702,1,0,0,275
2024-01-01,08:19:00,77.643118,12.921785,1,1,1,276
2024-01-01,08:20:00,77.582631,12.961718,3,0,1,278
2024-01-01,08:21:00,77.589218,12.970825,1,1,2,278
2024-01-01,08:22:00,77.593823,12.924169,3,2,0,283
2024-01-01,08:23:00,77.633413,12.902812,1,1,1,284
2024-01-01,08:24:00,77.613896,12.958889,2,3,0,289
2024-01-01,08:25:00,77.61946,12.979211,0,2,0,291
2024-01-01,08:26:00,77.568265,12.946095,1,3,1,294
2024-01-01,08:27:00,77.630658,12.905664,1,1,2,294
2024-01-01,08:28:00,77.61562,12.963646,2,1,2,295
2024-01-01,08:29:00,77.607493,12.957265,2,1,0,298
2024-01-01,08:30:00,77.646588,12.947389,1,2,2,299
2024-01-01,08:31:00,77.604305,12.914714,2,2,1,302
2024-01-01,08:32:00,77.551889,12.917288,0,0,0,302
2024-01-01,08:33:00,77.558567,12.979473,1,1,2,302
2024-01-01,08:34:00,77.608433,12.990526,0,2,2,302
2024-01-01,08:35:00,77.598253,12.995976,3,1,0,306
2024-01-01,08:36:00,77.610425,12.966725,0,0,0,306
2024-01-01,08:37:00,77.558554,12.965263,2,1,2,307
2024-01-01,08:38:00,77.581051,12.91633,0,3,1,309
2024-01-01,08:39:00,77.592611,12.978648,2,3,2,312
2024-01-01,08:40:00,77.616205,12.98431,3,2,1,316
2024-01-01,08:41:00,77.621463,12.986528,0,0,1,315
2024-01-01,08:42:00,77.645636,12.94388,2,3,2,318
2024-01-01,08:43:00,77.644092,12.993797,3,1,0,322
2024-01-01,08:44:00,77.612012,12.959546,3,2,1,326
2024-01-01,08:45:00,77.591913,12.974821,0,3,1,328
2024-01-01,08:46:00,77.558428,12.908906,0,2,0,330
2024-01-01,08:47:00,77.610283,12.929613,2,1,0,333
2024-01-01,08:48:00,77.558839,12.981253,0,1,1,333
2024-01-01,08:49:00,77.641851,12.953641,0,1,2,332
2024-01-01,08:50:00,77.562932,12.961653,0,2,0,334
2024-01-01,08:51:00,77.561437,12.949449,1,0,2,333
2024-01-01,08:52:00,77.601891,12.900689,1,3,0,337
2024-01-01,08:53:00,77.633656,12.936367,1,3,2,339
2024-01-01,08:54:00,77.578311,12.909016,2,0,1,340
2024-01-01,08:55:00,77.646529,12.985377,0,3,1,342
2024-01-01,08:56:00,77.645482,12.974792,1,2,0,345
2024-01-01,08:57:00,77.573757,12.957098,2,1,2,346
2024-01-01,08:58:00,77.563018,12.96522,3,3,0,352
2024-01-01,08:59:00,77.559884,12.993,1,1,0,354
2024-01-01,09:00:00,77.614631,12.997718,2,1,2,355
2024-01-01,09:01:00,77.615063,12.929964,1,3,0,359
2024-01-01,09:02:00,77.633221,12.975189,2,0,2,359
2024-01-01,09:03:00,77.615142,12.950446,1,1,1,360
2024-01-01,09:04:00,77.632724,12.936701,3,2,1,364
2024-01-01,09:05:00,77.637443,12.919425,3,1,2,366
2024-01-01,09:06:00,77.575711,12.971406,2,2,0,370
2024-01-01,09:07:00,77.563248,12.932207,2,0,1,371
2024-01-01,09:08:00,77.593507,12.914305,3,2,0,376
2024-01-01,09:09:00,77.586467,12.99541,3,3,2,380
2024-01-01,09:10:00,77.56437,12.944355,1,1,2,380
2024-01-01,09:11:00,77.642413,12.999519,1,3,1,383
2024-01-01,09:12:00,77.625833,12.944868,2,2,0,387
2024-01-01,09:13:00,77.595168,12.91332,1,3,2,389
2024-01-01,09:14:00,77.591501,12.90013,0,0,1,388
2024-01-01,09:15:00,77.570975,12.939199,0,0,0,388
2024-01-01,09:16:00,77.639581,12.950468,0,1,1,388
2024-01-01,09:17:00,77.633113,12.902053,2,1,2,389
2024-01-01,09:18:00,77.637589,12.974482,1,0,1,389
2024-01-01,09:19:00,77.56834,12.981984,3,2,2,392
2024-01-01,09:20:00,77.571703,12.994062,2,2,2,394
2024-01-01,09:21:00,77.648702,12.927693,3,0,2,395
2024-01-01,09:22:00,77.587061,12.945442,1,0,2,394
2024-01-01,09:23:00,77.571403,12.944711,1,1,1,395
2024-01-01,09:24:00,77.581172,12.924712,0,1,0,396
2024-01-01,09:25:00,77.553838,12.98669,2,0,0,398
2024-01-01,09:26:00,77.614002,12.926145,2,3,0,403
2024-01-01,09:27:00,77.561672,12.998454,3,2,2,406
2024-01-01,09:28:00,77.597913,12.92152,0,2,0,408
2024-01-01,09:29:00,77.624151,12.971392,3,1,2,410
2024-01-01,09:30:00,77.644836,12.976523,0,3,1,412
2024-01-01,09:31:00,77.55684,12.985989,3,0,2,413
2024-01-01,09:32:00,77.617115,12.9415,2,3,2,416
2024-01-01,09:33:00,77.585668,12.98306,0,2,0,418
2024-01-01,09:34:00,77.598299,12.928912,1,2,2,419
2024-01-01,09:35:00,77.564563,12.965612,3,3,0,425
2024-01-01,09:36:00,77.555643,12.990824,2,1,2,426
2024-01-01,09:37:00,77.603773,12.926321,2,3,1,430
2024-01-01,09:38:00,77.59507,12.971656,1,1,0,432
2024-01-01,09:39:00,77.639256,12.972776,3,0,2,433
2024-01-01,09:40:00,77.603544,12.908547,0,0,2,431
2024-01-01,09:41:00,77.627702,12.998411,0,1,0,432
2024-01-01,09:42:00,77.638337,12.931956,0,2,2,432
2024-01-01,09:43:00,77.58511,12.94474,2,0,1,433
2024-01-01,09:44:00,77.584386,12.924689,1,0,2,432
2024-01-01,09:45:00,77.574391,12.944505,1,2,2,433
2024-01-01,09:46:00,77.635888,12.954223,2,3,2,436
2024-01-01,09:47:00,77.643686,12.921763,2,0,2,436
2024-01-01,09:48:00,77.637077,12.998431,0,2,1,437
2024-01-01,09:49:00,77.565593,12.983653,2,1,1,439
2024-01-01,09:50:00,77.551754,12.955058,1,2,2,440
2024-01-01,09:51:00,77.646577,12.906728,3,1,2,442
2024-01-01,09:52:00,77.618619,12.901351,0,3,1,444
2024-01-01,09:53:00,77.595644,12.950102,2,0,2,444
2024-01-01,09:54:00,77.568943,12.923504,3,0,1,446
2024-01-01,09:55:00,77.639306,12.920579,1,0,0,447
2024-01-01,09:56:00,77.640635,12.975558,3,1,2,449
2024-01-01,09:57:00,77.565594,12.92248,2,1,2,450
2024-01-01,09:58:00,77.64326,12.914169,0,2,2,450
2024-01-01,09:59:00,77.642125,12.982118,0,2,1,451
2024-01-01,10:00:00,77.645183,12.938318,3,0,0,454
2024-01-01,10:01:00,77.622887,12.933746,2,0,2,454
2024-01-01,10:02:00,77.604907,12.963054,0,1,2,453
2024-01-01,10:03:00,77.589689,12.931308,2,3,0,458
2024-01-01,10:04:00,77.628465,12.962102,0,0,1,457
2024-01-01,10:05:00,77.606252,12.962501,3,3,2,461
2024-01-01,10:06:00,77.565595,12.99351,0,1,0,462
2024-01-01,10:07:00,77.616379,12.935681,0,0,0,462
2024-01-01,10:08:00,77.627461,12.979528,3,0,1,464
2024-01-01,10:09:00,77.606667,12.948479,2,0,0,466
2024-01-01,10:10:00,77.577671,12.930266,1,0,2,465
2024-01-01,10:11:00,77.565958,12.966745,1,2,2,466
2024-01-01,10:12:00,77.641183,12.966538,2,0,0,468
2024-01-01,10:13:00,77.610847,12.971104,3,3,2,472
2024-01-01,10:14:00,77.633307,12.98436,0,3,0,475
2024-01-01,10:15:00,77.550317,12.968894,0,2,1,476
2024-01-01,10:16:00,77.618469,12.929089,0,1,0,477
2024-01-01,10:17:00,77.633185,12.979264,3,2,1,481
2024-01-01,10:18:00,77.582914,12.982453,3,3,2,485
2024-01-01,10:19:00,77.591747,12.93302,3,2,1,489
2024-01-01,10:20:00,77.557111,12.947466,0,0,0,489
2024-01-01,10:21:00,77.638127,12.914593,2,0,1,490
2024-01-01,10:22:00,77.555269,12.911966,0,0,1,489
2024-01-01,10:23:00,77.608352,12.999612,1,0,0,490
2024-01-01,10:24:00,77.59084,12.967872,0,2,1,491
2024-01-01,10:25:00,77.612415,12.909195,1,1,1,492
2024-01-01,10:26:00,77.631897,12.962379,1,3,1,495
2024-01-01,10:27:00,77.59974,12.913543,0,3,2,496
2024-01-01,10:28:00,77.564572,12.951158,3,1,2,498
2024-01-01,10:29:00,77.643761,12.932545,3,2,1,502
2024-01-01,10:30:00,77.639102,12.900251,2,3,1,506
2024-01-01,10:31:00,77.556338,12.964581,0,2,1,507
2024-01-01,10:32:00,77.561028,12.946867,2,1,0,510
2024-01-01,10:33:00,77.631042,12.947881,2,1,1,512
2024-01-01,10:34:00,77.639718,12.930567,1,2,1,514
2024-01-01,10:35:00,77.626364,12.982713,3,0,0,517
2024-01-01,10:36:00,77.620755,12.913522,3,0,2,518
2024-01-01,10:37:00,77.626308,12.940906,2,0,0,520
2024-01-01,10:38:00,77.573561,12.907665,0,3,2,521
2024-01-01,10:39:00,77.642187,12.999048,3,0,0,524
2024-01-01,10:40:00,77.621331,12.921968,3,3,2,528
2024-01-01,10:41:00,77.621506,12.98726,2,1,1,530
2024-01-01,10:42:00,77.556043,12.944483,2,0,1,531
2024-01-01,10:43:00,77.567255,12.910969,1,1,1,532
2024-01-01,10:44:00,77.630951,12.952445,2,0,0,534
2024-01-01,10:45:00,77.582636,12.997542,1,2,1,536
2024-01-01,10:46:00,77.567418,12.980226,0,2,1,537
2024-01-01,10:47:00,77.630439,12.942605,1,3,0,541
2024-01-01,10:48:00,77.572938,12.931236,0,0,0,541
2024-01-01,10:49:00,77.633967,12.94436,3,2,0,546
2024-01-01,10:50:00,77.563341,12.949389,0,2,1,547
2024-01-01,10:51:00,77.569771,12.987176,3,0,2,548
2024-01-01,10:52:00,77.634439,12.985549,3,2,1,552
2024-01-01,10:53:00,77.606901,12.984176,3,1,0,556
2024-01-01,10:54:00,77.637768,12.9131,1,2,1,558
2024-01-01,10:55:00,77.574581,12.999304,1,2,1,560
2024-01-01,10:56:00,77.595496,12.918839,0,3,2,561
2024-01-01,10:57:00,77.615328,12.929956,3,1,0,565
2024-01-01,10:58:00,77.605462,12.96397,1,3,2,567
2024-01-01,10:59:00,77.61105,12.988956,3,0,0,570
2024-01-01,11:00:00,77.562545,12.99886,2,0,0,572
2024-01-01,11:01:00,77.617379,12.986458,3,1,0,576
2024-01-01,11:02:00,77.568004,12.951324,3,0,1,578
2024-01-01,11:03:00,77.581109,12.986997,3,3,0,584
2024-01-01,11:04:00,77.5664,12.934764,2,3,2,587
2024-01-01,11:05:00,77.556759,12.927775,1,2,2,588
2024-01-01,11:06:00,77.593887,12.950541,1,2,0,591
2024-01-01,11:07:00,77.573354,12.936927,0,0,0,591
2024-01-01,11:08:00,77.567605,12.911097,0,2,1,592
2024-01-01,11:09:00,77.554029,12.942391,0,2,2,592
2024-01-01,11:10:00,77.600961,12.958508,3,1,0,596
2024-01-01,11:11:00,77.575151,12.965292,1,0,2,595
2024-01-01,11:12:00,77.550778,12.949825,0,3,2,596
2024-01-01,11:13:00,77.59691,12.99244,3,0,0,599
2024-01-01,11:14:00,77.589378,12.910475,0,0,0,599
2024-01-01,11:15:00,77.622835,12.951924,2,0,0,601
2024-01-01,11:16:00,77.615691,12.955874,0,2,1,602
2024-01-01,11:17:00,77.644723,12.96706,2,2,2,604
2024-01-01,11:18:00,77.626156,12.900153,0,2,1,605
2024-01-01,11:19:00,77.620426,12.930307,3,2,0,610
2024-01-01,11:20:00,77.596554,12.953576,0,2,0,612
2024-01-01,11:21:00,77.566922,12.941633,0,0,1,611
2024-01-01,11:22:00,77.627451,12.962031,1,1,1,612
2024-01-01,11:23:00,77.589717,12.96362,0,2,2,612
2024-01-01,11:24:00,77.632512,12.974627,3,3,2,616
2024-01-01,11:25:00,77.620529,12.94525,3,3,0,622
2024-01-01,11:26:00,77.577845,12.900566,1,3,2,624
2024-01-01,11:27:00,77.58143,12.95301,3,1,2,626
2024-01-01,11:28:00,77.647697,12.913971,0,0,0,626
2024-01-01,11:29:00,77.624905,12.936064,3,2,1,630
2024-01-01,11:30:00,77.580573,12.965765,1,3,0,634
2024-01-01,11:31:00,77.640042,12.996725,1,3,1,637
2024-01-01,11:32:00,77.583363,12.973211,0,0,0,637
2024-01-01,11:33:00,77.596172,12.963856,2,1,1,639
2024-01-01,11:34:00,77.563881,12.964703,0,3,1,641
2024-01-01,11:35:00,77.619349,12.960984,0,2,2,641
2024-01-01,11:36:00,77.648674,12.957583,0,3,1,643
2024-01-01,11:37:00,77.572975,12.983524,1,1,2,643
2024-01-01,11:38:00,77.588227,12.944959,3,1,2,645
2024-01-01,11:39:00,77.564668,12.947718,3,2,2,648
2024-01-01,11:40:00,77.577621,12.93693,2,1,2,649
2024-01-01,11:41:00,77.575908,12.993202,1,3,2,651
2024-01-01,11:42:00,77.631503,12.985915,0,2,0,653
2024-01-01,11:43:00,77.610398,12.903517,0,0,0,653
2024-01-01,11:44:00,77.603365,12.972736,1,1,2,653
2024-01-01,11:45:00,77.638265,12.958386,2,0,1,654
2024-01-01,11:46:00,77.627519,12.925947,1,0,2,653
2024-01-01,11:47:00,77.6178,12.934605,1,3,2,655
2024-01-01,11:48:00,77.641644,12.997718,0,2,1,656
2024-01-01,11:49:00,77.563147,12.929808,0,3,0,659
2024-01-01,11:50:00,77.574004,12.989194,1,3,2,661
2024-01-01,11:51:00,77.557228,12.928582,0,1,2,660
2024-01-01,11:52:00,77.567337,12.930438,3,1,0,664
2024-01-01,11:53:00,77.617314,12.966042,0,0,2,662
2024-01-01,11:54:00,77.600248,12.987544,1,3,0,666
2024-01-01,11:55:00,77.598607,12.996458,1,1,2,666
2024-01-01,11:56:00,77.566262,12.960827,3,0,2,667
2024-01-01,11:57:00,77.6105,12.920479,1,2,0,670
2024-01-01,11:58:00,77.566646,12.998572,0,0,2,668
2024-01-01,11:59:00,77.595203,12.958089,2,3,0,673
2024-01-01,12:00:00,77.611475,12.919126,2,0,2,673
2024-01-01,12:01:00,77.623225,12.959716,1,2,2,674
2024-01-01,12:02:00,77.638241,12.996149,1,0,1,674
2024-01-01,12:03:00,77.587741,12.913449,1,3,1,677
2024-01-01,12:04:00,77.609515,12.936975,1,3,0,681
2024-01-01,12:05:00,77.59661,12.919558,0,2,1,682
2024-01-01,12:06:00,77.62348,12.910238,3,2,0,687
2024-01-01,12:07:00,77.585518,12.922887,3,0,1,689
2024-01-01,12:08:00,77.643492,12.986334,1,2,0,692
2024-01-01,12:09:00,77.610019,12.970704,0,1,1,692
2024-01-01,12:10:00,77.596448,12.992565,3,0,1,694
2024-01-01,12:11:00,77.592771,12.933508,0,2,0,696
2024-01-01,12:12:00,77.554074,12.97234,2,2,1,699
2024-01-01,12:13:00,77.621966,12.90512,3,1,1,702
2024-01-01,12:14:00,77.585999,12.969083,1,2,0,705
2024-01-01,12:15:00,77.599532,12.997685,0,1,0,706
2024-01-01,12:16:00,77.6033,12.998718,3,0,1,708
2024-01-01,12:17:00,77.597649,12.991784,1,1,1,709
2024-01-01,12:18:00,77.577596,12.96252,2,3,0,714
2024-01-01,12:19:00,77.590382,12.999884,2,0,0,716
2024-01-01,12:20:00,77.629495,12.947029,2,1,0,719
2024-01-01,12:21:00,77.590788,12.925689,3,0,2,720
2024-01-01,12:22:00,77.581862,12.996398,0,2,0,722
2024-01-01,12:23:00,77.553729,12.957719,1,2,2,723
2024-01-01,12:24:00,77.616245,12.976536,2,2,2,725
2024-01-01,12:25:00,77.638194,12.90897,1,3,0,729
2024-01-01,12:26:00,77.588827,12.949954,0,1,1,729
2024-01-01,12:27:00,77.624882,12.987037,2,3,1,733
2024-01-01,12:28:00,77.624258,12.955443,1,2,2,734
2024-01-01,12:29:00,77.57589,12.963239,2,2,0,738
2024-01-01,12:30:00,77.601722,12.936536,0,1,1,738
2024-01-01,12:31:00,77.622718,12.948541,1,0,0,739
2024-01-01,12:32:00,77.633169,12.929416,3,1,1,742
2024-01-01,12:33:00,77.640302,12.969281,0,2,0,744
2024-01-01,12:34:00,77.596619,12.972721,2,3,2,747
2024-01-01,12:35:00,77.599621,12.942554,2,3,2,750
2024-01-01,12:36:00,77.579807,12.990063,1,1,2,750
2024-01-01,12:37:00,77.590714,12.951238,1,2,1,752
2024-01-01,12:38:00,77.580251,12.929808,0,3,1,754
2024-01-01,12:39:00,77.640376,12.909699,2,0,0,756
2024-01-01,12:40:00,77.621777,12.910277,3,2,1,760
2024-01-01,12:41:00,77.583916,12.988113,3,3,0,766
2024-01-01,12:42:00,77.613575,12.983415,2,3,1,770
2024-01-01,12:43:00,77.584217,12.945692,1,0,1,770
2024-01-01,12:44:00,77.576003,12.920736,0,3,1,772
2024-01-01,12:45:00,77.564461,12.988766,0,3,2,773
2024-01-01,12:46:00,77.555358,12.916392,2,0,1,774
2024-01-01,12:47:00,77.635879,12.97912,1,1,1,775
2024-01-01,12:48:00,77.555523,12.901784,1,1,1,776
2024-01-01,12:49:00,77.588294,12.93924,0,0,2,774
2024-01-01,12:50:00,77.638079,12.966568,1,0,0,775
2024-01-01,12:51:00,77.571512,12.933719,0,2,0,777
2024-01-01,12:52:00,77.601033,12.959212,3,3,2,781
2024-01-01,12:53:00,77.568365,12.942642,1,1,2,781
2024-01-01,12:54:00,77.551269,12.920874,3,1,1,784
2024-01-01,12:55:00,77.579086,12.977575,2,0,1,785
2024-01-01,12:56:00,77.556738,12.937312,1,1,1,786
2024-01-01,12:57:00,77.642869,12.905613,2,3,2,789
2024-01-01,12:58:00,77.642889,12.929197,0,2,0,791
2024-01-01,12:59:00,77.551534,12.962318,2,1,2,792
2024-01-01,13:00:00,77.55098,12.903505,0,3,0,795
2024-01-01,13:01:00,77.575009,12.9328,1,2,1,797
2024-01-01,13:02:00,77.564413,12.924392,3,2,2,800
2024-01-01,13:03:00,77.578184,12.976904,1,1,2,800
2024-01-01,13:04:00,77.614933,12.910638,2,1,0,803
2024-01-01,13:05:00,77.563112,12.982843,0,2,1,804
2024-01-01,13:06:00,77.648767,12.948309,2,1,2,805
2024-01-01,13:07:00,77.626124,12.980038,1,0,0,806
2024-01-01,13:08:00,77.584175,12.932603,2,0,0,808
2024-01-01,13:09:00,77.622023,12.937044,2,1,1,810
2024-01-01,13:10:00,77.552322,12.977497,2,0,2,810
2024-01-01,13:11:00,77.60305,12.924692,2,2,1,813
2024-01-01,13:12:00,77.603464,12.985413,2,1,0,816
2024-01-01,13:13:00,77.624997,12.966004,2,3,2,819
2024-01-01,13:14:00,77.614597,12.921846,2,1,1,821
2024-01-01,13:15:00,77.600488,12.999113,0,2,2,821
2024-01-01,13:16:00,77.616993,12.905197,1,2,0,824
2024-01-01,13:17:00,77.564068,12.90565,3,2,2,827
2024-01-01,13:18:00,77.639858,12.973589,3,1,1,830
2024-01-01,13:19:00,77.576191,12.966903,3,3,1,835
2024-01-01,13:20:00,77.641168,12.92047,2,3,2,838
2024-01-01,13:21:00,77.555154,12.916075,1,1,2,838
2024-01-01,13:22:00,77.647984,12.975493,1,2,2,839
2024-01-01,13:23:00,77.620453,12.989504,2,3,0,844
2024-01-01,13:24:00,77.568472,12.918953,1,0,1,844
2024-01-01,13:25:00,77.628129,12.984429,3,2,1,848
2024-01-01,13:26:00,77.568241,12.968565,1,0,0,849
2024-01-01,13:27:00,77.603881,12.939405,0,0,0,849
2024-01-01,13:28:00,77.587483,12.932556,1,1,1,850
2024-01-01,13:29:00,77.625136,12.998706,0,2,1,851
2024-01-01,13:30:00,77.592336,12.99207,0,2,0,853
2024-01-01,13:31:00,77.570621,12.945693,1,2,1,855
2024-01-01,13:32:00,77.556921,12.95587,1,2,2,856
2024-01-01,13:33:00,77.623575,12.924645,3,2,1,860
2024-01-01,13:34:00,77.599671,12.920401,3,0,2,861
2024-01-01,13:35:00,77.615737,12.993845,1,2,1,863
2024-01-01,13:36:00,77.5635,12.970099,3,3,2,867
2024-01-01,13:37:00,77.604284,12.996052,1,2,1,869
2024-01-01,13:38:00,77.633131,12.930947,1,2,1,871
2024-01-01,13:39:00,77.595977,12.972188,3,1,0,875
2024-01-01,13:40:00,77.552635,12.907565,3,0,2,876
2024-01-01,13:41:00,77.603585,12.975455,2,1,0,879
2024-01-01,13:42:00,77.553911,12.937227,3,0,0,882
2024-01-01,13:43:00,77.623338,12.977452,0,3,0,885
2024-01-01,13:44:00,77.609017,12.989257,0,2,0,887
2024-01-01,13:45:00,77.579147,12.905266,2,0,0,889
2024-01-01,13:46:00,77.625766,12.913514,0,1,0,890
2024-01-01,13:47:00,77.589586,12.936593,1,3,0,894
2024-01-01,13:48:00,77.604883,12.910998,1,0,0,895
2024-01-01,13:49:00,77.591744,12.911575,2,3,2,898
2024-01-01,13:50:00,77.574212,12.914887,2,1,1,900
2024-01-01,13:51:00,77.603766,12.982095,2,2,1,903
2024-01-01,13:52:00,77.568422,12.918709,3,3,2,907
2024-01-01,13:53:00,77.645034,12.93554,0,0,2,905
2024-01-01,13:54:00,77.646604,12.958303,3,1,1,908
2024-01-01,13:55:00,77.578634,12.941507,0,2,0,910
2024-01-01,13:56:00,77.648129,12.922991,0,3,0,913
2024-01-01,13:57:00,77.580898,12.940098,3,3,1,918
2024-01-01,13:58:00,77.586903,12.910955,2,3,2,921
2024-01-01,13:59:00,77.600079,12.926816,1,1,1,922
2024-01-01,14:00:00,77.564934,12.918591,0,0,2,920
2024-01-01,14:01:00,77.573009,12.945045,3,0,0,923
2024-01-01,14:02:00,77.578922,12.999889,3,0,1,925
2024-01-01,14:03:00,77.551392,12.923929,3,1,2,927
2024-01-01,14:04:00,77.560839,12.935254,0,3,0,930
2024-01-01,14:05:00,77.638368,12.908473,3,1,0,934
2024-01-01,14:06:00,77.61895,12.996492,1,1,0,936
2024-01-01,14:07:00,77.552801,12.967702,3,2,2,939
2024-01-01,14:08:00,77.554777,12.961394,1,0,2,938
2024-01-01,14:09:00,77.635222,12.936412,2,2,0,942
2024-01-01,14:10:00,77.633266,12.910362,1,2,0,945
2024-01-01,14:11:00,77.617918,12.956737,0,3,1,947
2024-01-01,14:12:00,77.595643,12.945719,3,3,0,953
2024-01-01,14:13:00,77.646788,12.929018,2,0,1,954
2024-01-01,14:14:00,77.583062,12.904072,3,0,0,957
2024-01-01,14:15:00,77.645795,12.984595,3,1,2,959
2024-01-01,14:16:00,77.604858,12.90601,1,3,2,961
2024-01-01,14:17:00,77.642425,12.901859,1,2,2,962
2024-01-01,14:18:00,77.645428,12.972458,3,0,2,963
2024-01-01,14:19:00,77.620985,12.926979,1,2,1,965
2024-01-01,14:20:00,77.589446,12.921626,2,3,2,968
2024-01-01,14:21:00,77.560207,12.924981,2,3,1,972
2024-01-01,14:22:00,77.5965,12.940694,0,3,1,974
2024-01-01,14:23:00,77.601343,12.948185,3,3,0,980
2024-01-01,14:24:00,77.556428,12.926464,1,2,2,981
2024-01-01,14:25:00,77.554777,12.963868,2,2,0,985
2024-01-01,14:26:00,77.599189,12.990221,3,0,0,988
2024-01-01,14:27:00,77.572773,12.972623,3,0,2,989
2024-01-01,14:28:00,77.636914,12.936118,2,2,0,993
2024-01-01,14:29:00,77.552064,12.948983,2,3,2,996
2024-01-01,14:30:00,77.633117,12.911744,2,3,1,1000
2024-01-01,14:31:00,77.632525,12.904211,3,1,1,1003
2024-01-01,14:32:00,77.643666,12.996079,2,1,0,1006
2024-01-01,14:33:00,77.584047,12.99606,0,3,0,1009
2024-01-01,14:34:00,77.570137,12.957131,1,2,0,1012
2024-01-01,14:35:00,77.570655,12.9256,2,3,0,1017
2024-01-01,14:36:00,77.639403,12.982698,1,3,2,1019
2024-01-01,14:37:00,77.577203,12.933845,3,2,1,1023
2024-01-01,14:38:00,77.628171,12.908263,3,1,1,1026
2024-01-01,14:39:00,77.644761,12.96621,1,3,2,1028
2024-01-01,14:40:00,77.640638,12.996917,1,2,2,1029
2024-01-01,14:41:00,77.585872,12.982,2,0,0,1031
2024-01-01,14:42:00,77.617619,12.97886,3,0,1,1033
2024-01-01,14:43:00,77.568626,12.930292,1,0,2,1032
2024-01-01,14:44:00,77.570315,12.92184,2,0,2,1032
2024-01-01,14:45:00,77.641452,12.964899,2,0,2,1032
2024-01-01,14:46:00,77.624894,12.904351,1,2,0,1035
2024-01-01,14:47:00,77.572549,12.991272,3,1,1,1038
2024-01-01,14:48:00,77.559146,12.999579,3,3,0,1044
2024-01-01,14:49:00,77.600151,12.942409,2,2,0,1048
2024-01-01,14:50:00,77.561052,12.983413,1,3,0,1052
2024-01-01,14:51:00,77.584526,12.96397,3,3,1,1057
2024-01-01,14:52:00,77.596278,12.993289,1,1,1,1058
2024-01-01,14:53:00,77.605978,12.912569,2,1,1,1060
2024-01-01,14:54:00,77.613459,12.978542,0,0,2,1058
2024-01-01,14:55:00,77.553896,12.99587,2,0,0,1060
2024-01-01,14:56:00,77.564217,12.903961,0,1,0,1061
2024-01-01,14:57:00,77.589038,12.906416,1,0,1,1061
2024-01-01,14:58:00,77.620158,12.926794,3,2,1,1065
2024-01-01,14:59:00,77.576679,12.905315,1,1,2,1065
2024-01-01,15:00:00,77.598206,12.969882,3,2,0,1070
2024-01-01,15:01:00,77.637816,12.93589,2,1,1,1072
2024-01-01,15:02:00,77.555313,12.962723,0,3,1,1074
2024-01-01,15:03:00,77.638919,12.976771,3,3,0,1080
2024-01-01,15:04:00,77.636069,12.954679,0,1,2,1079
2024-01-01,15:05:00,77.581689,12.984249,2,1,2,1080
2024-01-01,15:06:00,77.578964,12.921488,2,1,0,1083
2024-01-01,15:07:00,77.639194,12.916012,3,2,1,1087
2024-01-01,15:08:00,77.559092,12.900549,3,0,0,1090
2024-01-01,15:09:00,77.636129,12.929493,1,2,1,1092
2024-01-01,15:10:00,77.629158,12.9179,1,3,2,1094
2024-01-01,15:11:00,77.608416,12.984531,0,1,0,1095
2024-01-01,15:12:00,77.551984,12.983435,3,1,1,1098
2024-01-01,15:13:00,77.624157,12.918164,3,0,1,1100
2024-01-01,15:14:00,77.609287,12.900088,3,0,0,1103
2024-01-01,15:15:00,77.624065,12.91466,0,3,0,1106
2024-01-01,15:16:00,77.586084,12.927557,2,2,1,1109
2024-01-01,15:17:00,77.642659,12.934039,2,1,2,1110
2024-01-01,15:18:00,77.605092,12.95975,3,1,1,1113
2024-01-01,15:19:00,77.588445,12.996157,3,1,2,1115
2024-01-01,15:20:00,77.596999,12.928271,2,2,0,1119
2024-01-01,15:21:00,77.630228,12.900344,3,3,1,1124
2024-01-01,15:22:00,77.569103,12.963718,0,2,1,1125
2024-01-01,15:23:00,77.608115,12.988849,2,2,2,1127
2024-01-01,15:24:00,77.580746,12.93255,2,2,2,1129
2024-01-01,15:25:00,77.571993,12.954768,1,2,1,1131
2024-01-01,15:26:00,77.576783,12.927861,1,3,0,1135
2024-01-01,15:27:00,77.56673,12.93421,3,0,0,1138
2024-01-01,15:28:00,77.642628,12.938459,3,2,0,1143
2024-01-01,15:29:00,77.601543,12.940691,3,2,0,1148
2024-01-01,15:30:00,77.584924,12.931554,2,2,2,1150
2024-01-01,15:31:00,77.5901,12.924366,1,1,0,1152
2024-01-01,15:32:00,77.637777,12.968683,3,1,0,1156
2024-01-01,15:33:00,77.561485,12.956715,0,0,0,1156
2024-01-01,15:34:00,77.644105,12.955136,1,3,1,1159
2024-01-01,15:35:00,77.649089,12.917685,0,1,0,1160
2024-01-01,15:36:00,77.575299,12.900646,0,3,1,1162
2024-01-01,15:37:00,77.612852,12.936477,3,3,0,1168
2024-01-01,15:38:00,77.556653,12.901991,0,2,2,1168
2024-01-01,15:39:00,77.615055,12.991596,1,2,1,1170
2024-01-01,15:40:00,77.589517,12.915969,1,1,2,1170
2024-01-01,15:41:00,77.635801,12.956919,3,1,2,1172
2024-01-01,15:42:00,77.62661,12.902424,0,0,2,1170
2024-01-01,15:43:00,77.630261,12.974368,1,0,0,1171
2024-01-01,15:44:00,77.573684,12.917344,0,2,1,1172
2024-01-01,15:45:00,77.569339,12.926827,2,0,2,1172
2024-01-01,15:46:00,77.580119,12.949848,3,2,1,1176
2024-01-01,15:47:00,77.605416,12.988905,3,3,2,1180
2024-01-01,15:48:00,77.563738,12.988324,3,3,2,1184
2024-01-01,15:49:00,77.61798,12.955258,2,2,0,1188
2024-01-01,15:50:00,77.569998,12.913747,0,1,2,1187
2024-01-01,15:51:00,77.597267,12.905134,3,2,0,1192
2024-01-01,15:52:00,77.58703,12.978698,1,0,2,1191
2024-01-01,15:53:00,77.608346,12.944138,1,2,2,1192
2024-01-01,15:54:00,77.624528,12.904357,2,0,0,1194
2024-01-01,15:55:00,77.567243,12.944447,3,3,0,1200
2024-01-01,15:56:00,77.619247,12.9319,1,2,2,1201
2024-01-01,15:57:00,77.565194,12.910129,2,0,2,1201
2024-01-01,15:58:00,77.648245,12.900451,2,2,2,1203
2024-01-01,15:59:00,77.641023,12.976598,2,1,2,1204
2024-01-01,16:00:00,77.559105,12.942428,1,1,0,1206
2024-01-01,16:01:00,77.634239,12.90778,3,2,0,1211
2024-01-01,16:02:00,77.642919,12.916551,2,1,2,1212
2024-01-01,16:03:00,77.580555,12.960795,3,1,0,1216
2024-01-01,16:04:00,77.636759,12.94523,0,3,1,1218
2024-01-01,16:05:00,77.637422,12.938238,0,2,2,1218
2024-01-01,16:06:00,77.550929,12.939866,2,3,1,1222
2024-01-01,16:07:00,77.552015,12.976931,3,0,1,1224
2024-01-01,16:08:00,77.588112,12.937202,1,3,0,1228
2024-01-01,16:09:00,77.571212,12.908742,2,2,2,1230
2024-01-01,16:10:00,77.60964,12.965251,0,3,0,1233
2024-01-01,16:11:00,77.581583,12.963704,2,0,1,1234
2024-01-01,16:12:00,77.632814,12.983462,1,1,0,1236
2024-01-01,16:13:00,77.6187,12.924957,3,0,1,1238
2024-01-01,16:14:00,77.626723,12.913114,3,0,1,1240
2024-01-01,16:15:00,77.560776,12.979189,3,3,2,1244
2024-01-01,16:16:00,77.557559,12.90005,3,2,2,1247
2024-01-01,16:17:00,77.578693,12.993077,3,1,2,1249
2024-01-01,16:18:00,77.562248,12.941685,3,3,2,1253
2024-01-01,16:19:00,77.55454,12.952353,1,2,2,1254
2024-01-01,16:20:00,77.58241,12.947199,3,3,2,1258
2024-01-01,16:21:00,77.594483,12.944163,2,2,0,1262
2024-01-01,16:22:00,77.641534,12.902205,0,2,2,1262
2024-01-01,16:23:00,77.554366,12.981166,1,2,2,1263
2024-01-01,16:24:00,77.567512,12.957305,1,2,2,1264
2024-01-01,16:25:00,77.562828,12.998774,3,1,0,1268
2024-01-01,16:26:00,77.593615,12.990716,2,3,1,1272
2024-01-01,16:27:00,77.61524,12.915518,1,3,1,1275
2024-01-01,16:28:00,77.648667,12.960467,3,1,0,1279
2024-01-01,16:29:00,77.603715,12.961413,3,2,1,1283
2024-01-01,16:30:00,77.62875,12.988943,1,1,0,1285
2024-01-01,16:31:00,77.562278,12.932725,2,3,1,1289
2024-01-01,16:32:00,77.591848,12.990905,1,2,2,1290
2024-01-01,16:33:00,77.59551,12.963974,3,3,1,1295
2024-01-01,16:34:00,77.555852,12.993408,1,3,1,1298
2024-01-01,16:35:00,77.636832,12.921872,2,3,1,1302
2024-01-01,16:36:00,77.577824,12.970669,0,2,2,1302
2024-01-01,16:37:00,77.607875,12.908717,2,3,1,1306
2024-01-01,16:38:00,77.572044,12.995397,2,1,0,1309
2024-01-01,16:39:00,77.631603,12.943937,1,1,1,1310
2024-01-01,16:40:00,77.562082,12.983352,1,2,0,1313
2024-01-01,16:41:00,77.585253,12.977378,0,0,1,1312
2024-01-01,16:42:00,77.646523,12.977782,3,3,0,1318
2024-01-01,16:43:00,77.647946,12.910369,0,3,0,1321
2024-01-01,16:44:00,77.632628,12.931296,0,1,0,1322
2024-01-01,16:45:00,77.59006,12.949561,1,1,0,1324
2024-01-01,16:46:00,77.602592,12.920778,2,1,0,1327
2024-01-01,16:47:00,77.614756,12.917982,3,3,2,1331
2024-01-01,16:48:00,77.647674,12.952383,0,1,0,1332
2024-01-01,16:49:00,77.566804,12.962692,1,1,1,1333
2024-01-01,16:50:00,77.644414,12.979511,2,1,1,1335
2024-01-01,16:51:00,77.63382,12.983426,3,2,2,1338
2024-01-01,16:52:00,77.631471,12.992091,1,0,0,1339
2024-01-01,16:53:00,77.645126,12.970865,1,1,0,1341
2024-01-01,16:54:00,77.617831,12.930359,1,0,1,1341
2024-01-01,16:55:00,77.598287,12.918899,3,3,1,1346
2024-01-01,16:56:00,77.586618,12.964249,2,3,2,1349
2024-01-01,16:57:00,77.574948,12.992078,3,1,1,1352
2024-01-01,16:58:00,77.559564,12.987656,0,0,1,1351
2024-01-01,16:59:00,77.632793,12.975538,3,1,2,1353
2024-01-01,17:00:00,77.584891,12.920468,1,3,1,1356
2024-01-01,17:01:00,77.615452,12.969657,2,0,2,1356
2024-01-01,17:02:00,77.610956,12.958859,2,2,0,1360
2024-01-01,17:03:00,77.591052,12.900463,3,1,0,1364
2024-01-01,17:04:00,77.612301,12.927491,3,2,1,1368
2024-01-01,17:05:00,77.586225,12.995286,0,1,1,1368
2024-01-01,17:06:00,77.588521,12.952875,2,1,0,1371
2024-01-01,17:07:00,77.625944,12.99404,3,3,1,1376
2024-01-01,17:08:00,77.636317,12.91106,1,0,2,1375
2024-01-01,17:09:00,77.590014,12.969985,2,0,1,1376
2024-01-01,17:10:00,77.578593,12.953057,1,0,1,1376
2024-01-01,17:11:00,77.627285,12.939943,2,0,1,1377
2024-01-01,17:12:00,77.620257,12.998844,2,3,1,1381
2024-01-01,17:13:00,77.564834,12.966656,0,0,2,1379
2024-01-01,17:14:00,77.570329,12.948232,3,2,1,1383
2024-01-01,17:15:00,77.581864,12.950183,1,1,1,1384
2024-01-01,17:16:00,77.639958,12.915413,2,2,0,1388
2024-01-01,17:17:00,77.590129,12.900761,2,0,1,1389
2024-01-01,17:18:00,77.64782,12.976586,2,2,2,1391
2024-01-01,17:19:00,77.572894,12.917231,0,3,2,1392
2024-01-01,17:20:00,77.605457,12.951025,3,0,0,1395
2024-01-01,17:21:00,77.619067,12.973965,0,3,1,1397
2024-01-01,17:22:00,77.586588,12.911734,1,1,0,1399
2024-01-01,17:23:00,77.631048,12.90151,0,2,1,1400
2024-01-01,17:24:00,77.573802,12.914576,3,1,2,1402
2024-01-01,17:25:00,77.638348,12.961765,1,2,2,1403
2024-01-01,17:26:00,77.557918,12.929638,1,3,0,1407
2024-01-01,17:27:00,77.647618,12.916676,3,1,1,1410
2024-01-01,17:28:00,77.557308,12.922615,0,0,1,1409
2024-01-01,17:29:00,77.630572,12.9591,2,0,2,1409
2024-01-01,17:30:00,77.624259,12.945875,2,3,0,1414
2024-01-01,17:31:00,77.581597,12.964171,2,1,1,1416
2024-01-01,17:32:00,77.615666,12.96585,2,2,0,1420
2024-01-01,17:33:00,77.61993,12.951035,1,2,2,1421
2024-01-01,17:34:00,77.633554,12.943391,0,1,2,1420
2024-01-01,17:35:00,77.600836,12.909373,2,2,1,1423
2024-01-01,17:36:00,77.605926,12.956769,3,2,1,1427
2024-01-01,17:37:00,77.601656,12.976286,0,1,1,1427
2024-01-01,17:38:00,77.594024,12.901061,3,3,0,1433
2024-01-01,17:39:00,77.615072,12.936952,1,3,0,1437
2024-01-01,17:40:00,77.579015,12.94182,2,2,0,1441
2024-01-01,17:41:00,77.570333,12.904927,1,0,0,1442
2024-01-01,17:42:00,77.559564,12.905838,0,3,0,1445
2024-01-01,17:43:00,77.607679,12.962828,1,3,0,1449
2024-01-01,17:44:00,77.625709,12.984659,3,0,1,1451
2024-01-01,17:45:00,77.623476,12.938134,3,1,1,1454
2024-01-01,17:46:00,77.640785,12.924311,0,1,0,1455
2024-01-01,17:47:00,77.631955,12.959942,1,3,1,1458
2024-01-01,17:48:00,77.575344,12.967009,1,0,1,1458
2024-01-01,17:49:00,77.620765,12.903911,3,3,0,1464
2024-01-01,17:50:00,77.58365,12.991877,3,3,2,1468
2024-01-01,17:51:00,77.596312,12.967157,2,3,0,1473
2024-01-01,17:52:00,77.564002,12.986041,2,2,0,1477
2024-01-01,17:53:00,77.552798,12.99008,3,3,1,1482
2024-01-01,17:54:00,77.591177,12.998963,1,0,2,1481
2024-01-01,17:55:00,77.640805,12.991117,0,1,2,1480
2024-01-01,17:56:00,77.642553,12.960875,3,0,0,1483
2024-01-01,17:57:00,77.613469,12.958239,2,2,0,1487
2024-01-01,17:58:00,77.60704,12.991626,2,2,1,1490
2024-01-01,17:59:00,77.567179,12.988366,1,1,2,1490
2024-01-01,18:00:00,77.629474,12.984724,0,2,2,1490
2024-01-01,18:01:00,77.622658,12.998361,2,3,0,1495
2024-01-01,18:02:00,77.566709,12.964884,3,1,2,1497
2024-01-01,18:03:00,77.592784,12.972846,3,0,0,1500
2024-01-01,18:04:00,77.580912,12.953013,3,1,0,1504
2024-01-01,18:05:00,77.594225,12.993609,2,1,1,1506
2024-01-01,18:06:00,77.559811,12.999492,3,1,0,1510
2024-01-01,18:07:00,77.636668,12.941039,2,0,2,1510
2024-01-01,18:08:00,77.610809,12.964949,2,3,1,1514
2024-01-01,18:09:00,77.648498,12.974034,1,2,1,1516
2024-01-01,18:10:00,77.594426,12.929359,3,0,0,1519
2024-01-01,18:11:00,77.574582,12.969081,2,0,1,1520
2024-01-01,18:12:00,77.557417,12.927185,2,3,0,1525
2024-01-01,18:13:00,77.57118,12.923721,0,2,1,1526
2024-01-01,18:14:00,77.583929,12.983515,3,2,2,1529
2024-01-01,18:15:00,77.557863,12.966547,1,1,0,1531
2024-01-01,18:16:00,77.630258,12.910498,3,0,0,1534
2024-01-01,18:17:00,77.560379,12.971498,0,0,2,1532
2024-01-01,18:18:00,77.564221,12.946533,2,1,0,1535
2024-01-01,18:19:00,77.6344,12.912016,0,2,1,1536
2024-01-01,18:20:00,77.583679,12.910207,2,3,1,1540
2024-01-01,18:21:00,77.630242,12.932219,2,1,0,1543
2024-01-01,18:22:00,77.58655,12.928086,2,2,0,1547
2024-01-01,18:23:00,77.578077,12.955885,0,2,1,1548
2024-01-01,18:24:00,77.605863,12.973039,0,1,1,1548
2024-01-01,18:25:00,77.586401,12.937628,2,1,2,1549
2024-01-01,18:26:00,77.558508,12.997883,3,3,1,1554
2024-01-01,18:27:00,77.617146,12.951101,3,2,2,1557
2024-01-01,18:28:00,77.588487,12.903202,0,0,1,1556
2024-01-01,18:29:00,77.554795,12.928597,0,0,0,1556
